{
    "version": "1.4.0",
    "project": {
        "name": "scala_fundamentals",
        "directory": "C:\\Users\\Andre Xie\\Desktop\\scala_fundamentals",
        "workspaceDir": "C:\\Users\\Andre Xie\\Desktop\\scala_fundamentals",
        "sources": [
            "C:\\Users\\Andre Xie\\Desktop\\scala_fundamentals\\src\\main\\scala",
            "C:\\Users\\Andre Xie\\Desktop\\scala_fundamentals\\src\\main\\scala-2.13",
            "C:\\Users\\Andre Xie\\Desktop\\scala_fundamentals\\src\\main\\scala-2",
            "C:\\Users\\Andre Xie\\Desktop\\scala_fundamentals\\src\\main\\java",
            "C:\\Users\\Andre Xie\\Desktop\\scala_fundamentals\\target\\scala-2.13\\src_managed\\main"
        ],
        "dependencies": [
            
        ],
        "classpath": [
            "C:\\Users\\Andre Xie\\AppData\\Local\\Coursier\\Cache\\v1\\https\\repo1.maven.org\\maven2\\org\\scala-lang\\scala-library\\2.13.8\\scala-library-2.13.8.jar",
            "C:\\Users\\Andre Xie\\AppData\\Local\\Coursier\\Cache\\v1\\https\\repo1.maven.org\\maven2\\org\\scala-lang\\modules\\scala-parser-combinators_2.13\\2.1.1\\scala-parser-combinators_2.13-2.1.1.jar"
        ],
        "out": "C:\\Users\\Andre Xie\\Desktop\\scala_fundamentals\\.bloop\\scala_fundamentals",
        "classesDir": "C:\\Users\\Andre Xie\\Desktop\\scala_fundamentals\\.bloop\\scala_fundamentals\\scala-2.13\\classes",
        "resources": [
            "C:\\Users\\Andre Xie\\Desktop\\scala_fundamentals\\src\\main\\resources",
            "C:\\Users\\Andre Xie\\Desktop\\scala_fundamentals\\target\\scala-2.13\\resource_managed\\main"
        ],
        "scala": {
            "organization": "org.scala-lang",
            "name": "scala-compiler",
            "version": "2.13.8",
            "options": [
                
            ],
            "jars": [
                "C:\\Users\\Andre Xie\\AppData\\Local\\Coursier\\Cache\\v1\\https\\repo1.maven.org\\maven2\\org\\scala-lang\\scala-library\\2.13.8\\scala-library-2.13.8.jar",
                "C:\\Users\\Andre Xie\\AppData\\Local\\Coursier\\Cache\\v1\\https\\repo1.maven.org\\maven2\\org\\scala-lang\\scala-compiler\\2.13.8\\scala-compiler-2.13.8.jar",
                "C:\\Users\\Andre Xie\\AppData\\Local\\Coursier\\Cache\\v1\\https\\repo1.maven.org\\maven2\\org\\scala-lang\\scala-reflect\\2.13.8\\scala-reflect-2.13.8.jar",
                "C:\\Users\\Andre Xie\\AppData\\Local\\Coursier\\Cache\\v1\\https\\repo1.maven.org\\maven2\\org\\jline\\jline\\3.21.0\\jline-3.21.0.jar",
                "C:\\Users\\Andre Xie\\AppData\\Local\\Coursier\\Cache\\v1\\https\\repo1.maven.org\\maven2\\net\\java\\dev\\jna\\jna\\5.9.0\\jna-5.9.0.jar"
            ],
            "setup": {
                "order": "mixed",
                "addLibraryToBootClasspath": true,
                "addCompilerToClasspath": false,
                "addExtraJarsToClasspath": false,
                "manageBootClasspath": true,
                "filterLibraryFromClasspath": true
            }
        },
        "java": {
            "options": [
                
            ]
        },
        "test": {
            "frameworks": [
                {
                    "names": [
                        "org.scalacheck.ScalaCheckFramework"
                    ]
                },
                {
                    "names": [
                        "org.specs2.runner.Specs2Framework",
                        "org.specs2.runner.SpecsFramework"
                    ]
                },
                {
                    "names": [
                        "org.specs.runner.SpecsFramework"
                    ]
                },
                {
                    "names": [
                        "org.scalatest.tools.Framework",
                        "org.scalatest.tools.ScalaTestFramework"
                    ]
                },
                {
                    "names": [
                        "com.novocode.junit.JUnitFramework"
                    ]
                },
                {
                    "names": [
                        "munit.Framework"
                    ]
                }
            ],
            "options": {
                "excludes": [
                    
                ],
                "arguments": [
                    
                ]
            }
        },
        "platform": {
            "name": "jvm",
            "config": {
                "home": "C:\\Program Files\\Java\\jdk-11.0.13",
                "options": [
                    "-Duser.dir=C:\\Users\\Andre Xie\\Desktop\\scala_fundamentals"
                ]
            },
            "mainClass": [
                
            ]
        },
        "resolution": {
            "modules": [
                {
                    "organization": "org.scala-lang",
                    "name": "scala-library",
                    "version": "2.13.8",
                    "configurations": "default",
                    "artifacts": [
                        {
                            "name": "scala-library",
                            "path": "C:\\Users\\Andre Xie\\AppData\\Local\\Coursier\\Cache\\v1\\https\\repo1.maven.org\\maven2\\org\\scala-lang\\scala-library\\2.13.8\\scala-library-2.13.8.jar"
                        },
                        {
                            "name": "scala-library",
                            "classifier": "sources",
                            "path": "C:\\Users\\Andre Xie\\AppData\\Local\\Coursier\\Cache\\v1\\https\\repo1.maven.org\\maven2\\org\\scala-lang\\scala-library\\2.13.8\\scala-library-2.13.8-sources.jar"
                        }
                    ]
                },
                {
                    "organization": "org.scala-lang.modules",
                    "name": "scala-parser-combinators_2.13",
                    "version": "2.1.1",
                    "configurations": "default",
                    "artifacts": [
                        {
                            "name": "scala-parser-combinators_2.13",
                            "path": "C:\\Users\\Andre Xie\\AppData\\Local\\Coursier\\Cache\\v1\\https\\repo1.maven.org\\maven2\\org\\scala-lang\\modules\\scala-parser-combinators_2.13\\2.1.1\\scala-parser-combinators_2.13-2.1.1.jar"
                        },
                        {
                            "name": "scala-parser-combinators_2.13",
                            "classifier": "sources",
                            "path": "C:\\Users\\Andre Xie\\AppData\\Local\\Coursier\\Cache\\v1\\https\\repo1.maven.org\\maven2\\org\\scala-lang\\modules\\scala-parser-combinators_2.13\\2.1.1\\scala-parser-combinators_2.13-2.1.1-sources.jar"
                        }
                    ]
                },
                {
                    "organization": "org.scala-lang",
                    "name": "scala-library",
                    "version": "2.13.8",
                    "configurations": "optional",
                    "artifacts": [
                        {
                            "name": "scala-library",
                            "path": "C:\\Users\\Andre Xie\\AppData\\Local\\Coursier\\Cache\\v1\\https\\repo1.maven.org\\maven2\\org\\scala-lang\\scala-library\\2.13.8\\scala-library-2.13.8.jar"
                        },
                        {
                            "name": "scala-library",
                            "classifier": "sources",
                            "path": "C:\\Users\\Andre Xie\\AppData\\Local\\Coursier\\Cache\\v1\\https\\repo1.maven.org\\maven2\\org\\scala-lang\\scala-library\\2.13.8\\scala-library-2.13.8-sources.jar"
                        }
                    ]
                }
            ]
        },
        "tags": [
            "library"
        ]
    }
}