{
    "version": "1.4.0",
    "project": {
        "name": "root",
        "directory": "C:\\Users\\maxla\\myproject",
        "workspaceDir": "C:\\Users\\maxla\\myproject",
        "sources": [
            "C:\\Users\\maxla\\myproject\\src\\main\\scala",
            "C:\\Users\\maxla\\myproject\\src\\main\\scala-2.13",
            "C:\\Users\\maxla\\myproject\\src\\main\\scala-2",
            "C:\\Users\\maxla\\myproject\\src\\main\\java",
            "C:\\Users\\maxla\\myproject\\target\\scala-2.13\\src_managed\\main"
        ],
        "dependencies": [
            
        ],
        "classpath": [
            "C:\\Users\\maxla\\AppData\\Local\\Coursier\\Cache\\v1\\https\\repo1.maven.org\\maven2\\org\\scala-lang\\scala-library\\2.13.7\\scala-library-2.13.7.jar",
            "C:\\Users\\maxla\\AppData\\Local\\Coursier\\Cache\\v1\\https\\repo1.maven.org\\maven2\\com\\typesafe\\slick\\slick_2.13\\3.3.2\\slick_2.13-3.3.2.jar",
            "C:\\Users\\maxla\\AppData\\Local\\Coursier\\Cache\\v1\\https\\repo1.maven.org\\maven2\\org\\slf4j\\slf4j-nop\\1.6.4\\slf4j-nop-1.6.4.jar",
            "C:\\Users\\maxla\\AppData\\Local\\Coursier\\Cache\\v1\\https\\repo1.maven.org\\maven2\\com\\typesafe\\slick\\slick-hikaricp_2.13\\3.3.2\\slick-hikaricp_2.13-3.3.2.jar",
            "C:\\Users\\maxla\\AppData\\Local\\Coursier\\Cache\\v1\\https\\repo1.maven.org\\maven2\\com\\h2database\\h2\\1.4.200\\h2-1.4.200.jar",
            "C:\\Users\\maxla\\AppData\\Local\\Coursier\\Cache\\v1\\https\\repo1.maven.org\\maven2\\org\\postgresql\\postgresql\\42.2.14\\postgresql-42.2.14.jar",
            "C:\\Users\\maxla\\AppData\\Local\\Coursier\\Cache\\v1\\https\\repo1.maven.org\\maven2\\org\\slf4j\\slf4j-api\\1.7.25\\slf4j-api-1.7.25.jar",
            "C:\\Users\\maxla\\AppData\\Local\\Coursier\\Cache\\v1\\https\\repo1.maven.org\\maven2\\com\\typesafe\\config\\1.3.2\\config-1.3.2.jar",
            "C:\\Users\\maxla\\AppData\\Local\\Coursier\\Cache\\v1\\https\\repo1.maven.org\\maven2\\org\\reactivestreams\\reactive-streams\\1.0.2\\reactive-streams-1.0.2.jar",
            "C:\\Users\\maxla\\AppData\\Local\\Coursier\\Cache\\v1\\https\\repo1.maven.org\\maven2\\org\\scala-lang\\modules\\scala-collection-compat_2.13\\2.0.0\\scala-collection-compat_2.13-2.0.0.jar",
            "C:\\Users\\maxla\\AppData\\Local\\Coursier\\Cache\\v1\\https\\repo1.maven.org\\maven2\\com\\zaxxer\\HikariCP\\3.2.0\\HikariCP-3.2.0.jar"
        ],
        "out": "C:\\Users\\maxla\\myproject\\.bloop\\root",
        "classesDir": "C:\\Users\\maxla\\myproject\\.bloop\\root\\scala-2.13\\classes",
        "resources": [
            "C:\\Users\\maxla\\myproject\\src\\main\\resources",
            "C:\\Users\\maxla\\myproject\\target\\scala-2.13\\resource_managed\\main"
        ],
        "scala": {
            "organization": "org.scala-lang",
            "name": "scala-compiler",
            "version": "2.13.7",
            "options": [
                
            ],
            "jars": [
                "C:\\Users\\maxla\\AppData\\Local\\Coursier\\Cache\\v1\\https\\repo1.maven.org\\maven2\\org\\scala-lang\\scala-library\\2.13.7\\scala-library-2.13.7.jar",
                "C:\\Users\\maxla\\AppData\\Local\\Coursier\\Cache\\v1\\https\\repo1.maven.org\\maven2\\org\\scala-lang\\scala-compiler\\2.13.7\\scala-compiler-2.13.7.jar",
                "C:\\Users\\maxla\\AppData\\Local\\Coursier\\Cache\\v1\\https\\repo1.maven.org\\maven2\\org\\scala-lang\\scala-reflect\\2.13.7\\scala-reflect-2.13.7.jar",
                "C:\\Users\\maxla\\AppData\\Local\\Coursier\\Cache\\v1\\https\\repo1.maven.org\\maven2\\org\\jline\\jline\\3.20.0\\jline-3.20.0.jar",
                "C:\\Users\\maxla\\AppData\\Local\\Coursier\\Cache\\v1\\https\\repo1.maven.org\\maven2\\net\\java\\dev\\jna\\jna\\5.8.0\\jna-5.8.0.jar"
            ],
            "setup": {
                "order": "mixed",
                "addLibraryToBootClasspath": true,
                "addCompilerToClasspath": false,
                "addExtraJarsToClasspath": false,
                "manageBootClasspath": true,
                "filterLibraryFromClasspath": true
            }
        },
        "java": {
            "options": [
                
            ]
        },
        "test": {
            "frameworks": [
                {
                    "names": [
                        "org.scalacheck.ScalaCheckFramework"
                    ]
                },
                {
                    "names": [
                        "org.specs2.runner.Specs2Framework",
                        "org.specs2.runner.SpecsFramework"
                    ]
                },
                {
                    "names": [
                        "org.specs.runner.SpecsFramework"
                    ]
                },
                {
                    "names": [
                        "org.scalatest.tools.Framework",
                        "org.scalatest.tools.ScalaTestFramework"
                    ]
                },
                {
                    "names": [
                        "com.novocode.junit.JUnitFramework"
                    ]
                },
                {
                    "names": [
                        "munit.Framework"
                    ]
                }
            ],
            "options": {
                "excludes": [
                    
                ],
                "arguments": [
                    
                ]
            }
        },
        "platform": {
            "name": "jvm",
            "config": {
                "home": "C:\\Program Files\\Java\\jdk-17.0.2",
                "options": [
                    "-Duser.dir=C:\\Users\\maxla\\myproject"
                ]
            },
            "mainClass": [
                
            ]
        },
        "resolution": {
            "modules": [
                {
                    "organization": "org.scala-lang",
                    "name": "scala-library",
                    "version": "2.13.7",
                    "configurations": "default",
                    "artifacts": [
                        {
                            "name": "scala-library",
                            "path": "C:\\Users\\maxla\\AppData\\Local\\Coursier\\Cache\\v1\\https\\repo1.maven.org\\maven2\\org\\scala-lang\\scala-library\\2.13.7\\scala-library-2.13.7.jar"
                        },
                        {
                            "name": "scala-library",
                            "classifier": "sources",
                            "path": "C:\\Users\\maxla\\AppData\\Local\\Coursier\\Cache\\v1\\https\\repo1.maven.org\\maven2\\org\\scala-lang\\scala-library\\2.13.7\\scala-library-2.13.7-sources.jar"
                        }
                    ]
                },
                {
                    "organization": "com.typesafe.slick",
                    "name": "slick_2.13",
                    "version": "3.3.2",
                    "configurations": "default",
                    "artifacts": [
                        {
                            "name": "slick_2.13",
                            "path": "C:\\Users\\maxla\\AppData\\Local\\Coursier\\Cache\\v1\\https\\repo1.maven.org\\maven2\\com\\typesafe\\slick\\slick_2.13\\3.3.2\\slick_2.13-3.3.2.jar"
                        },
                        {
                            "name": "slick_2.13",
                            "classifier": "sources",
                            "path": "C:\\Users\\maxla\\AppData\\Local\\Coursier\\Cache\\v1\\https\\repo1.maven.org\\maven2\\com\\typesafe\\slick\\slick_2.13\\3.3.2\\slick_2.13-3.3.2-sources.jar"
                        }
                    ]
                },
                {
                    "organization": "org.slf4j",
                    "name": "slf4j-nop",
                    "version": "1.6.4",
                    "configurations": "default",
                    "artifacts": [
                        {
                            "name": "slf4j-nop",
                            "path": "C:\\Users\\maxla\\AppData\\Local\\Coursier\\Cache\\v1\\https\\repo1.maven.org\\maven2\\org\\slf4j\\slf4j-nop\\1.6.4\\slf4j-nop-1.6.4.jar"
                        },
                        {
                            "name": "slf4j-nop",
                            "classifier": "sources",
                            "path": "C:\\Users\\maxla\\AppData\\Local\\Coursier\\Cache\\v1\\https\\repo1.maven.org\\maven2\\org\\slf4j\\slf4j-nop\\1.6.4\\slf4j-nop-1.6.4-sources.jar"
                        }
                    ]
                },
                {
                    "organization": "com.typesafe.slick",
                    "name": "slick-hikaricp_2.13",
                    "version": "3.3.2",
                    "configurations": "default",
                    "artifacts": [
                        {
                            "name": "slick-hikaricp_2.13",
                            "path": "C:\\Users\\maxla\\AppData\\Local\\Coursier\\Cache\\v1\\https\\repo1.maven.org\\maven2\\com\\typesafe\\slick\\slick-hikaricp_2.13\\3.3.2\\slick-hikaricp_2.13-3.3.2.jar"
                        },
                        {
                            "name": "slick-hikaricp_2.13",
                            "classifier": "sources",
                            "path": "C:\\Users\\maxla\\AppData\\Local\\Coursier\\Cache\\v1\\https\\repo1.maven.org\\maven2\\com\\typesafe\\slick\\slick-hikaricp_2.13\\3.3.2\\slick-hikaricp_2.13-3.3.2-sources.jar"
                        }
                    ]
                },
                {
                    "organization": "com.h2database",
                    "name": "h2",
                    "version": "1.4.200",
                    "configurations": "default",
                    "artifacts": [
                        {
                            "name": "h2",
                            "path": "C:\\Users\\maxla\\AppData\\Local\\Coursier\\Cache\\v1\\https\\repo1.maven.org\\maven2\\com\\h2database\\h2\\1.4.200\\h2-1.4.200.jar"
                        },
                        {
                            "name": "h2",
                            "classifier": "sources",
                            "path": "C:\\Users\\maxla\\AppData\\Local\\Coursier\\Cache\\v1\\https\\repo1.maven.org\\maven2\\com\\h2database\\h2\\1.4.200\\h2-1.4.200-sources.jar"
                        }
                    ]
                },
                {
                    "organization": "org.postgresql",
                    "name": "postgresql",
                    "version": "42.2.14",
                    "configurations": "default",
                    "artifacts": [
                        {
                            "name": "postgresql",
                            "path": "C:\\Users\\maxla\\AppData\\Local\\Coursier\\Cache\\v1\\https\\repo1.maven.org\\maven2\\org\\postgresql\\postgresql\\42.2.14\\postgresql-42.2.14.jar"
                        },
                        {
                            "name": "postgresql",
                            "classifier": "sources",
                            "path": "C:\\Users\\maxla\\AppData\\Local\\Coursier\\Cache\\v1\\https\\repo1.maven.org\\maven2\\org\\postgresql\\postgresql\\42.2.14\\postgresql-42.2.14-sources.jar"
                        }
                    ]
                },
                {
                    "organization": "org.slf4j",
                    "name": "slf4j-api",
                    "version": "1.7.25",
                    "configurations": "default",
                    "artifacts": [
                        {
                            "name": "slf4j-api",
                            "path": "C:\\Users\\maxla\\AppData\\Local\\Coursier\\Cache\\v1\\https\\repo1.maven.org\\maven2\\org\\slf4j\\slf4j-api\\1.7.25\\slf4j-api-1.7.25.jar"
                        },
                        {
                            "name": "slf4j-api",
                            "classifier": "sources",
                            "path": "C:\\Users\\maxla\\AppData\\Local\\Coursier\\Cache\\v1\\https\\repo1.maven.org\\maven2\\org\\slf4j\\slf4j-api\\1.7.25\\slf4j-api-1.7.25-sources.jar"
                        }
                    ]
                },
                {
                    "organization": "com.typesafe",
                    "name": "config",
                    "version": "1.3.2",
                    "configurations": "default",
                    "artifacts": [
                        {
                            "name": "config",
                            "path": "C:\\Users\\maxla\\AppData\\Local\\Coursier\\Cache\\v1\\https\\repo1.maven.org\\maven2\\com\\typesafe\\config\\1.3.2\\config-1.3.2.jar"
                        },
                        {
                            "name": "config",
                            "classifier": "sources",
                            "path": "C:\\Users\\maxla\\AppData\\Local\\Coursier\\Cache\\v1\\https\\repo1.maven.org\\maven2\\com\\typesafe\\config\\1.3.2\\config-1.3.2-sources.jar"
                        }
                    ]
                },
                {
                    "organization": "org.reactivestreams",
                    "name": "reactive-streams",
                    "version": "1.0.2",
                    "configurations": "default",
                    "artifacts": [
                        {
                            "name": "reactive-streams",
                            "path": "C:\\Users\\maxla\\AppData\\Local\\Coursier\\Cache\\v1\\https\\repo1.maven.org\\maven2\\org\\reactivestreams\\reactive-streams\\1.0.2\\reactive-streams-1.0.2.jar"
                        },
                        {
                            "name": "reactive-streams",
                            "classifier": "sources",
                            "path": "C:\\Users\\maxla\\AppData\\Local\\Coursier\\Cache\\v1\\https\\repo1.maven.org\\maven2\\org\\reactivestreams\\reactive-streams\\1.0.2\\reactive-streams-1.0.2-sources.jar"
                        }
                    ]
                },
                {
                    "organization": "org.scala-lang.modules",
                    "name": "scala-collection-compat_2.13",
                    "version": "2.0.0",
                    "configurations": "default",
                    "artifacts": [
                        {
                            "name": "scala-collection-compat_2.13",
                            "path": "C:\\Users\\maxla\\AppData\\Local\\Coursier\\Cache\\v1\\https\\repo1.maven.org\\maven2\\org\\scala-lang\\modules\\scala-collection-compat_2.13\\2.0.0\\scala-collection-compat_2.13-2.0.0.jar"
                        },
                        {
                            "name": "scala-collection-compat_2.13",
                            "classifier": "sources",
                            "path": "C:\\Users\\maxla\\AppData\\Local\\Coursier\\Cache\\v1\\https\\repo1.maven.org\\maven2\\org\\scala-lang\\modules\\scala-collection-compat_2.13\\2.0.0\\scala-collection-compat_2.13-2.0.0-sources.jar"
                        }
                    ]
                },
                {
                    "organization": "com.zaxxer",
                    "name": "HikariCP",
                    "version": "3.2.0",
                    "configurations": "default",
                    "artifacts": [
                        {
                            "name": "HikariCP",
                            "path": "C:\\Users\\maxla\\AppData\\Local\\Coursier\\Cache\\v1\\https\\repo1.maven.org\\maven2\\com\\zaxxer\\HikariCP\\3.2.0\\HikariCP-3.2.0.jar"
                        },
                        {
                            "name": "HikariCP",
                            "classifier": "sources",
                            "path": "C:\\Users\\maxla\\AppData\\Local\\Coursier\\Cache\\v1\\https\\repo1.maven.org\\maven2\\com\\zaxxer\\HikariCP\\3.2.0\\HikariCP-3.2.0-sources.jar"
                        }
                    ]
                },
                {
                    "organization": "org.scala-lang",
                    "name": "scala-library",
                    "version": "2.13.7",
                    "configurations": "optional",
                    "artifacts": [
                        {
                            "name": "scala-library",
                            "path": "C:\\Users\\maxla\\AppData\\Local\\Coursier\\Cache\\v1\\https\\repo1.maven.org\\maven2\\org\\scala-lang\\scala-library\\2.13.7\\scala-library-2.13.7.jar"
                        },
                        {
                            "name": "scala-library",
                            "classifier": "sources",
                            "path": "C:\\Users\\maxla\\AppData\\Local\\Coursier\\Cache\\v1\\https\\repo1.maven.org\\maven2\\org\\scala-lang\\scala-library\\2.13.7\\scala-library-2.13.7-sources.jar"
                        }
                    ]
                }
            ]
        },
        "tags": [
            "library"
        ]
    }
}